source_id,row,raw_date,raw_value,raw_entity,period,entity,value,status
actual,2,2024-01,100,,2024-01,,100,valid
actual,3,2024-02,108,,2024-02,,108,valid
actual,4,2024-03,111,,2024-03,,111,valid
actual,5,2024-04,107,,2024-04,,107,valid
actual,6,2024-05,120,,2024-05,,120,valid
actual,7,2024-06,118,,2024-06,,118,valid
actual,8,2024-07,132,,2024-07,,132,valid
actual,9,2024-08,129,,2024-08,,129,valid
actual,10,2024-09,146,,2024-09,,146,valid
actual,11,2024-10,158,,2024-10,,158,valid
actual,12,2024-11,225,,2024-11,,225,valid
actual,13,2024-12,260,,2024-12,,260,valid
model-a,2,2024-01,102,,2024-01,,102,valid
model-a,3,2024-02,110,,2024-02,,110,valid
model-a,4,2024-03,113,,2024-03,,113,valid
model-a,5,2024-04,107,,2024-04,,107,valid
model-a,6,2024-05,120,,2024-05,,120,valid
model-a,7,2024-06,120,,2024-06,,120,valid
model-a,8,2024-07,134,,2024-07,,134,valid
model-a,9,2024-08,131,,2024-08,,131,valid
model-a,10,2024-09,148,,2024-09,,148,valid
model-b,2,2024-01,101,,2024-01,,101,valid
model-b,3,2024-02,109,,2024-02,,109,valid
model-b,4,2024-03,112,,2024-03,,112,valid
model-b,5,2024-06,119,,2024-06,,119,valid
model-b,6,2024-07,133,,2024-07,,133,valid
model-b,7,2024-08,130,,2024-08,,130,valid
model-b,8,2024-09,147,,2024-09,,147,valid
model-b,9,2024-10,170,,2024-10,,170,valid
model-b,10,2024-11,237,,2024-11,,237,valid
model-b,11,2024-12,272,,2024-12,,272,valid
baseline,2,2024-01,103,,2024-01,,103,valid
baseline,3,2024-02,111,,2024-02,,111,valid
baseline,4,2024-03,114,,2024-03,,114,valid
baseline,5,2024-04,110,,2024-04,,110,valid
baseline,6,2024-05,123,,2024-05,,123,valid
baseline,7,2024-06,121,,2024-06,,121,valid
baseline,8,2024-07,135,,2024-07,,135,valid
baseline,9,2024-08,132,,2024-08,,132,valid
baseline,10,2024-09,149,,2024-09,,149,valid
baseline,11,2024-10,161,,2024-10,,161,valid
baseline,12,2024-11,228,,2024-11,,228,valid
baseline,13,2024-12,263,,2024-12,,263,valid
